{"freshdesk_webhook":{
    "ticket_id":8, 
    "ticket_subject":"test",
    "ticket_description":"<div style=\"font-family:-apple-system, BlinkMacSystemFont, Segoe UI, Roboto, Helvetica Neue, Arial, sans-serif; font-size:14px\"><div dir=\"ltr\">test</div></div>",
    "ticket_url":"https://rapiertechnology.freshdesk.com/helpdesk/tickets/8",
    "ticket_portal_url":"https://rapiertechnology.freshdesk.com/support/tickets/8",
    "ticket_tags":"",
    "ticket_latest_public_comment":"",
    "ticket_latest_private_comment":"",
    "ticket_group_name":null,
    "ticket_agent_name":"Auliya Anbar",
    "ticket_agent_email":"auliya.anbar99@gmail.com",
    "ticket_satisfaction_survey":"  \n<div class=\"freshdesk_satisfaction_survey\">\n  <div  style=\"width: 100%;font: 13px 'Helvetica Neue', Helvetica, Arial, sans-serif;\">\n      <hr style=\"height:0;border:0;margin-top:20px;border-top:1px solid #ccc;\">\n    <span style=\"font-family: Arial, sans-serif; color: #333;font-weight:bold;\">\n      <p>How would you rate your overall satisfaction for the resolution provided by the agent?</p>\n    </span>\n    <table  cellspacing=\"0\" cellpadding=\"0\" style=\"table-layout:fixed; margin-top:10px; \">\n    <tr>\n            <td style=\"width: 14.28%; border-right: 2px #fff solid; padding:0; height:8px; background-color:#4e8d00;\"></td>\n            <td style=\"width: 14.28%; border-right: 2px #fff solid; padding:0; height:8px; background-color:#f1db16;\"></td>\n            <td style=\"width: 14.28%; border-right: 2px #fff solid; padding:0; height:8px; background-color:#e7340f;\"></td>\n    </tr>\n    <tr>\n          <td style=\"width: 14.28%;  border-right: 2px #fff solid; text-align:center; padding: 16px 0px; background-color:#e6efdd;\">\n            <a href=\"https://rapiertechnology.freshdesk.com/support/custom_surveys/27b4b6a44a5a4da484ad8020664a4d29/extremely_happy/new\" rel=\"noreferrer\" target=\"_blank\" style=\"margin:0; padding:5px; text-decoration:none; display:block;\">Extremely satisfied</a>\n          </td>\n          <td style=\"width: 14.28%;  border-right: 2px #fff solid; text-align:center; padding: 16px 0px; background-color:#fdfae2;\">\n            <a href=\"https://rapiertechnology.freshdesk.com/support/custom_surveys/27b4b6a44a5a4da484ad8020664a4d29/neutral/new\" rel=\"noreferrer\" target=\"_blank\" style=\"margin:0; padding:5px; text-decoration:none; display:block;\">Neither satisfied nor dissatisfied</a>\n          </td>\n          <td style=\"width: 14.28%;  border-right: 2px #fff solid; text-align:center; padding: 16px 0px; background-color:#fce3e0;\">\n            <a href=\"https://rapiertechnology.freshdesk.com/support/custom_surveys/27b4b6a44a5a4da484ad8020664a4d29/extremely_unhappy/new\" rel=\"noreferrer\" target=\"_blank\" style=\"margin:0; padding:5px; text-decoration:none; display:block;\">Extremely dissatisfied</a>\n          </td>\n    </tr>\n  </table>\n  </div>\n</div>\n\n\n",
    "ticket_due_by_time":"July 10 2023 at 05:00 PM EDT",
    "ticket_status":"Open",
    "ticket_priority":"Low",
    "ticket_source":"Phone",
    "ticket_ticket_type":null,
    "ticket_cf_reference_number":null,
    "helpdesk_name":"Rapier Technology",
    "ticket_portal_name":"Rapier Technology",
    "ticket_product_description":null,
    "triggered_event":"{ticket_action:created}",
    "ticket_company_name":null,
    "ticket_company_note":null,
    "ticket_company_domains":null,
    "ticket_company_health_score":null,
    "ticket_company_account_tier":null,
    "ticket_company_renewal_date":null,
    "ticket_company_industry":null,
    "ticket_contact_name":"Tump. store",
    "ticket_contact_firstname":"Tump.",
    "ticket_contact_lastname":"Store",
    "ticket_contact_mobile":null,
    "ticket_contact_email":"tump.store@gmail.com",
    "ticket_contact_phone":null,
    "ticket_contact_address":"",
    "ticket_contact_unique_external_id":null,
    "ticket_company_description":null
    }}


    {"freshdesk_webhook":{"ticket_id":9,"ticket_subject":"test2",
    "ticket_description":"<div style=\"font-family:-apple-system, BlinkMacSystemFont, Segoe UI, Roboto, Helvetica Neue, Arial, sans-serif; font-size:14px\"><div dir=\"ltr\">test</div></div>",
    "ticket_url":"https://rapiertechnology.freshdesk.com/helpdesk/tickets/9",
    "ticket_portal_url":"https://rapiertechnology.freshdesk.com/support/tickets/9",
    "ticket_tags":"bad, grow","ticket_latest_public_comment":"",
    "ticket_latest_private_comment":"","ticket_group_name":"Customer Support","ticket_agent_name":null,"ticket_agent_email":null,"ticket_satisfaction_survey":"  \n<div class=\"freshdesk_satisfaction_survey\">\n  <div  style=\"width: 100%;font: 13px 'Helvetica Neue', Helvetica, Arial, sans-serif;\">\n      <hr style=\"height:0;border:0;margin-top:20px;border-top:1px solid #ccc;\">\n    <span style=\"font-family: Arial, sans-serif; color: #333;font-weight:bold;\">\n      <p>How would you rate your overall satisfaction for the resolution provided by the agent?</p>\n    </span>\n    <table  cellspacing=\"0\" cellpadding=\"0\" style=\"table-layout:fixed; margin-top:10px; \">\n    <tr>\n            <td style=\"width: 14.28%; border-right: 2px #fff solid; padding:0; height:8px; background-color:#4e8d00;\"></td>\n            <td style=\"width: 14.28%; border-right: 2px #fff solid; padding:0; height:8px; background-color:#f1db16;\"></td>\n            <td style=\"width: 14.28%; border-right: 2px #fff solid; padding:0; height:8px; background-color:#e7340f;\"></td>\n    </tr>\n    <tr>\n          <td style=\"width: 14.28%;  border-right: 2px #fff solid; text-align:center; padding: 16px 0px; background-color:#e6efdd;\">\n            <a href=\"https://rapiertechnology.freshdesk.com/support/custom_surveys/ec7591db73f307be3f7082182dcbbfce/extremely_happy/new\" rel=\"noreferrer\" target=\"_blank\" style=\"margin:0; padding:5px; text-decoration:none; display:block;\">Extremely satisfied</a>\n          </td>\n          <td style=\"width: 14.28%;  border-right: 2px #fff solid; text-align:center; padding: 16px 0px; background-color:#fdfae2;\">\n            <a href=\"https://rapiertechnology.freshdesk.com/support/custom_surveys/ec7591db73f307be3f7082182dcbbfce/neutral/new\" rel=\"noreferrer\" target=\"_blank\" style=\"margin:0; padding:5px; text-decoration:none; display:block;\">Neither satisfied nor dissatisfied</a>\n          </td>\n          <td style=\"width: 14.28%;  border-right: 2px #fff solid; text-align:center; padding: 16px 0px; background-color:#fce3e0;\">\n            <a href=\"https://rapiertechnology.freshdesk.com/support/custom_surveys/ec7591db73f307be3f7082182dcbbfce/extremely_unhappy/new\" rel=\"noreferrer\" target=\"_blank\" style=\"margin:0; padding:5px; text-decoration:none; display:block;\">Extremely dissatisfied</a>\n          </td>\n    </tr>\n  </table>\n  </div>\n</div>\n\n\n",
    "ticket_due_by_time":"July 11 2023 at 05:00 PM EDT",
    "ticket_status":"Open","ticket_priority":"Low","ticket_source":"Phone","ticket_ticket_type":null,"ticket_cf_reference_number":822273737,"helpdesk_name":"Rapier Technology","ticket_portal_name":"Rapier Technology","ticket_product_description":null,"triggered_event":"{ticket_action:created}","ticket_company_name":null,"ticket_company_note":null,"ticket_company_domains":null,"ticket_company_health_score":null,"ticket_company_account_tier":null,"ticket_company_renewal_date":null,"ticket_company_industry":null,"ticket_contact_name":"Belajar","ticket_contact_firstname":"Belajar","ticket_contact_lastname":"","ticket_contact_mobile":null,"ticket_contact_email":"belajar@fosan.id","ticket_contact_phone":null,"ticket_contact_address":"","ticket_contact_unique_external_id":null,"ticket_company_description":null}}